ISBN,Book-Title,Book-Author,Year-Of-Publication,Publisher
1841721522,New Vegetarian: Bold and Beautiful Recipes for Every Occasion,Celia Brooks Brown,2001,Ryland Peters &amp; Small Ltd
042518630X,Purity in Death,J.D. Robb,2002,Berkley Publishing Group
042511774X,Breathing Lessons,Anne Tyler,1994,Berkley Publishing Group
1853260053,Tess of the D'Urbervilles (Wordsworth Classics),Thomas Hardy,1997,NTC/Contemporary Publishing Company
1558531025,Life's Little Instruction Book (Life's Little Instruction Books (Paperback)),H. Jackson Brown,1991,Thomas Nelson
067976397X,Corelli's Mandolin : A Novel,LOUIS DE BERNIERES,1995,Vintage
038572179X,Atonement : A Novel,IAN MCEWAN,2003,Anchor
044651747X,Puerto Vallarta Squeeze,Robert James Waller,1995,Warner Books
039575514X,My Antonia,Willa Cather,1995,Mariner Books
038076654X,Petals on the River,Kathleen E. Woodiwiss,1997,Avon Trade
051513290X,Summer of Storms,Judith Kelman,2002,Jove Books
140003180X,The Kalahari Typing School for Men (No. 1 Ladies' Detective Agency),ALEXANDER MCCALL SMITH,2004,Anchor
155874262X,Chicken Soup for the Soul (Chicken Soup for the Soul),Jack Canfield,1993,Health Communications
1558744150,Chicken Soup for the Woman's Soul (Chicken Soup for the Soul Series (Paper)),Jack Canfield,1996,Health Communications
1563898586,"The League of Extraordinary Gentlemen, Vol. 1",Alan Moore,2002,DC Comics
044023722X,A Painted House,John Grisham,2001,Dell Publishing Company
1573225487,The Romance Reader,Pearl Abraham,1996,Riverhead Books
1573228737,Affinity,Sarah Waters,2002,Riverhead Books
038542471X,The Client,John Grisham,1993,Doubleday Books
067103619X,Lake News,Barbara Delinsky,2000,Pocket
006101351X,The Perfect Storm : A True Story of Men Against the Sea,Sebastian Junger,1998,HarperTorch
1573225126,Prozac Nation: Young and Depressed in America : A Memoir,Elizabeth Wurtzel,1997,Riverhead Books
1878424319,The Four Agreements: A Practical Guide to Personal Freedom,Don Miguel Ruiz,1997,Amber-Allen Publishing
1853260622,War and Peace (Wordsworth Classics),Leo Tolstoy,1997,NTC/Contemporary Publishing Company
044021145X,The Firm,John Grisham,1992,Bantam Dell Publishing Group
055358099X,Cloud Nine,Luanne Rice,2000,Bantam Books
014023828X,The Tortilla Curtain,T. Coraghessan Boyle,1996,Penguin Books
039914739X,Isle of Dogs,Patricia Daniels Cornwell,2001,Putnam Publishing Group
081296666X,Things My Girlfriend and I Have Argued About: A Novel,Mil Millington,2003,Villard Books
080213825X,Four Blondes,Candace Bushnell,2001,Grove Press
055356451X,Night Sins,TAMI HOAG,1995,Bantam
042517736X,Abduction,Robin Cook,2000,Berkley Publishing Group
006017143X,The Night Listener,Armistead Maupin,2000,HarperCollins Publishers
1400077826,Cold Mountain (MTI) (Vintage Contemporaries),CHARLES FRAZIER,2003,Vintage
068484267X,Angela's Ashes: A Memoir,Frank McCourt,1999,Scribner
193156146X,The Time Traveler's Wife,Audrey Niffenegger,2003,MacAdam/Cage Publishing
015600710X,Strange Fits of Passion: A Novel,Anita Shreve,1999,Harvest Books
2070362388,Ravage,Rene Barjavel,0,Gallimard French
1570717257,Man and Boy,Tony Parsons,2001,Sourcebooks Landmark
039304016X,The Perfect Storm: A True Story of Men Against the Sea,Sebastian Junger,1997,Little Brown and Company
2253063339,Les Fourmis,Bernard Werber,2002,LGF
038529929X,Hannibal,Thomas Harris,1999,Del Sol Press
1573229571,About a Boy (Movie Tie-In),Nick Hornby,2002,Riverhead Books
015216250X,So You Want to Be a Wizard: The First Book in the Young Wizards Series,Diane Duane,2001,Magic Carpet Books
3404118960,Die SÃ?Â¤ulen der Erde. Roman.,Ken Follett,1992,LÃ?Â¼bbe
039914563X,The Bear and the Dragon,Tom Clancy,2000,G. P. Putnam's Sons
067175145X,The Way Things Ought to Be,"Rush H., III Limbaugh",1992,Pocket Books
044661162X,Chasing the Dime,Michael Connelly,2003,Warner Books
038533334X,Charming Billy,Alice McDermott,1999,Delta
068983571X,Hound of the Baskervilles (Aladdin Classics),Sir Arthur Conan Doyle,2000,Aladdin
044022165X,The Rainmaker,JOHN GRISHAM,1996,Dell
042512892X,Into the Darkness,Barbara Michaels,1996,Berkley Publishing Group
034538184X,Degree of Guilt,Richard North Patterson,1995,Ballantine Books
1573229385,The Frog King: A Love Story,Adam Davies,2002,Riverhead Books
055321313X,Anne of Green Gables (Anne of Green Gables Novels (Paperback)),L.M. MONTGOMERY,1982,Bantam Classics
014016930X,Angle of Repose (Contemporary American Fiction),Wallace Stegner,1992,Penguin Books
039592720X,Interpreter of Maladies,Jhumpa Lahiri,1999,Houghton Mifflin Co
038001503X,One Hundred Years of Solitude,Gabriel Garcia Marquez,1970,Avon Books
006019491X,Daughter of Fortune : A Novel (Oprah's Book Club (Hardcover)),Isabel Allende,1999,HarperCollins
067101420X,"Forever... : A Novel of Good and Evil, Love and Hope",Jude Deveraux,2002,Pocket
3257061269,Der Alchimist.,Paulo Coelho,2003,"Diogenes Verlag, ZÃ?Â¼rich"
3499108518,Der Fanger Im Roggen,Jerome D. Salinger,1966,Rowohlt Tb.
000649840X,Angelas Ashes,Frank Mccourt,0,Harpercollins Uk
067102535X,"Last Dance, Last Chance (Ann Rule's Crime Files)",Ann Rule,2002,Pocket
1573225789,The Color of Water: A Black Man's Tribute to His White Mother,James McBride,1997,Riverhead Books
067168390X,Lonesome Dove,Larry McMurtry,1988,Pocket
051513399X,Smoke in Mirrors,Jayne Ann Krentz,2002,Jove Books
044990928X,Operating Instructions: A Journal of My Son's First Year,Anne Lamott,1994,Ballantine Books
038531258X,Cold Sassy Tree,Olive Ann Burns,1986,Delta
006092988X,A Tree Grows in Brooklyn,Betty Smith,1998,Perennial
1400034779,The No. 1 Ladies' Detective Agency (Today Show Book Club #8),Alexander McCall Smith,2003,Anchor
038533303X,Driving Mr. Albert: A Trip Across America With Einstein's Brain,Michael Paterniti,2001,Delta
037570504X,"Breath, Eyes, Memory",Edwidge Danticat,1998,Vintage Books USA
1558744606,Chicken Soup for the Mother's Soul (Chicken Soup for the Soul Series (Paper)),Jack Canfield,1997,Health Communications
080410753X,The Kitchen God's Wife,Amy Tan,1992,Ivy Books
014131088X,Speak,Laurie Halse Anderson,2001,Speak
031298250X,America : A Jake Grafton Novel (A Jake Grafton Novel),Stephen Coonts,2002,St. Martin's Paperbacks
006109594X,Nimitz Class,Patrick Robinson,1998,HarperTorch
014025448X,At Home in Mitford (The Mitford Years),Jan Karon,1996,Viking Books
038533656X,Apocalipstick,SUE MARGOLIS,2003,Delta
038039586X,Watership Down,Richard George Adams,1975,Harpercollins
3499232871,Herzsprung,Ildiko Kurthy,2003,Distribooks Inc
037348397X,The Donovan Legacy,Nora Roberts,1999,Harlequin
082176828X,What You Wish for,Fern Michaels,2001,Zebra Books
031231616X,I Capture the Castle,Dodie Smith,2003,St. Martin's Griffin
089480829X,What to Expect When You're Expecting (Revised Edition),Arlene Eisenberg,1996,Workman Pub Co
3518368540,Homo Faber,Max Frisch,0,Distribooks Int'l+inc
1853260312,"20,000 Leagues Under the Sea (Wordsworth Collection)",Jules Verne,1998,NTC/Contemporary Publishing Company
034543076X,Manifold: Time (Manifold (Paperback)),Stephen Baxter,2000,Del Rey Books
037542217X,The Kalahari Typing School for Men : More from the No. 1 Ladies' Detective Agency,Alexander McCall Smith,2003,Pantheon
039914255X,Eat Right for Your Type,Peter J. D'Adamo,1996,G. P. Putnam's Sons
031215125X,The Far Pavilions,M. M. Kaye,1997,St. Martin's Press
076790382X,I'm a Stranger Here Myself: Notes on Returning to America After 20 Years Away,Bill Bryson,2000,Broadway Books
1573221775,My Dream of You,Nuala O'Faolain,2001,Riverhead Books
067976402X,Snow Falling on Cedars,David Guterson,1995,Vintage Books USA
1558532161,Life's Little Instruction Book; Volume II,H. Jackson Brown,1993,Thomas Nelson Inc
034540288X,The Lost World,Michael Crichton,1996,Ballantine Books
3257228007,Das Parfum: Die Geschichte Eines Morders,Patrick Suskind,1994,Distribooks Inc
067169071X,EVERYTHING SHE EVER WANTED,Ann Rule,1993,Pocket
042513301X,A Cold Day for Murder,Dana Stabenow,1992,Berkley Publishing Group
038548951X,Sister of My Heart,Chitra Banerjee Divakaruni,2000,Anchor Pub
051512902X,After Dark,Jayne Castle,2000,Jove Books
059035342X,Harry Potter and the Sorcerer's Stone (Harry Potter (Paperback)),J. K. Rowling,1999,Arthur A. Levine Books
038082101X,Daughter of Fortune: A Novel,Isabel Allende,2001,HarperTorch
1558747028,Chicken Soup for the College Soul : Inspiring and Humorous Stories for College Students (Chicken Soup for the Soul),Jack Canfield,1999,Health Communications
3442424623,Die Bildhauerin.,Minette Walters,1996,Goldmann
080410882X,Dinner at the Homesick Restaurant,Anne Tyler,1992,Ivy Books
1578562325,"All Together in One Place: A Novel of Kinship, Courage, and Faith (Kirkpatrick, Jane. Kinship and Courage Historical Series, Bk. 1.)",Jane Kirkpatrick,2000,Waterbrook Press
156836010X,Having Our Say: The Delany Sisters' First 100 Years,Sarah Louise Delany,1993,Kodansha America
1592400876,"Eats, Shoots &amp; Leaves: The Zero Tolerance Approach to Punctuation",Lynne Truss,2004,Gotham Books
078686351X,Dirty Jokes and Beer : Stories of the Unrefined,Drew Carey,1997,Hyperion Books
020530902X,"The Elements of Style, Fourth Edition",William Strunk Jr.,2000,Pearson Higher Education
880781210X,iI Paradiso Degli Orchi,Daniel Pennac,1994,Universale Economica Feltrinelli
1561706213,Adventures of a Psychic: The Fascinating Inspiring True-Life Story of One of America's Most Successful Clairvoyants,Sylvia Browne,1998,Hay House
044020562X,One,Richard Bach,1989,Dell
1573229326,How to Be Good,Nick Hornby,2002,Riverhead Books
068483376X,Succulent Wild Woman,Sark,1997,Fireside
3423105518,Name Der Rose,Umberto Eco,0,Distribooks Int'l+inc
081297106X,Reading Lolita in Tehran: A Memoir in Books,Azar Nafisi,2003,Random House Trade Paperbacks
055356160X,Cry Wolf,TAMI HOAG,1993,Bantam
051512463X,The Cat Who Sang for the Birds (Cat Who... (Paperback)),Lilian Jackson Braun,1999,Jove Books
1551668521,Reckless Encounter,Rosemary Rogers,2001,Mira
1551668920,A Season Of Miracles,Heather Graham,2002,Mira
038081479X,Heart of a Warrior,Johanna Lindsey,2002,Avon
080411935X,Standing in the Rainbow,FANNIE FLAGG,2003,Ballantine Books
051513287X,Face the Fire (Three Sisters Island Trilogy),Nora Roberts,2002,Jove Books
055329461X,The Difference Engine,WILLIAM GIBSON,1992,Spectra
055357549X,Holy Fire: A Novel (Bantam Spectra Book),Bruce Sterling,1997,Bantam Books
014043187X,The Picture of Dorian Gray (Penguin Classic),Oscar Wilde,1985,Penguin Books
014018869X,Cold Comfort Farm,Stella Gibbons,1995,Penguin Books
3257229534,Der Vorleser,Bernhard Schlink,1999,Diogenes Verlag AG
034538475X,The Tale of the Body Thief (Vampire Chronicles (Paperback)),Anne Rice,1993,Ballantine Books
055327418X,"Startide Rising (The Uplift Saga, Book 2)",David Brin,1993,Spectra Books
034539657X,Dark Rivers of the Heart,Dean R. Koontz,1995,Ballantine Books
034545104X,Flesh Tones: A Novel,M. J. Rose,2002,Ballantine Books
1844262553,Free,Paul Vincent,2003,Upfront Publishing
3257227809,Venezianisches Finale. Commissario Brunettis erster Fall.,Donna Leon,1995,Diogenes Verlag
344244392X,Das Tagebuch Der Bridget Jones,Helen Fielding,2000,"Wilhelm Goldmann Verlag, GmbH"
3423203668,Die fÃ?Â¼nfte Frau.,Henning Mankell,2000,Dtv
3423204206,Die falsche FÃ?Â¤hrte.,Henning Mankell,2001,Dtv
037570387X,The Autograph Man: A Novel (Vintage International (Paperback)),Zadie Smith,2003,Vintage Books USA
1559029838,Call of the Wild,Jack London,0,Selldowns/no More Orders
8477204055,El caballero de la armadura oxidada,Robert Fisher,2000,Obelisco
051512317X,Rising Tides,Nora Roberts,2001,Jove Books
8806143042,Almost blue (Stile libero),Carlo Lucarelli,1997,Einaudi
3548603203,Artemis Fowl.,Eoin Colfer,2003,Ullstein TB-Vlg
052594527X,Girl With a Pearl Earring,Tracy Chevalier,1999,Dutton Books
3596122279,Das Superwieb,Hera Lind,2002,Distribooks Inc
1558743669,"A Child Called \It\"": One Child's Courage to Survive""",Dave Pelzer,1995,Health Communications
059045367X,"Monster Blood (Goosebumps, No 3)",R. L. Stine,1995,Scholastic
039914210X,The Cat Who Tailed a Thief,Lilian Jackson Braun,1997,Putnam Pub Group
3492225926,Das WÃ?Â¼ten der ganzen Welt.,Maarten 't Hart,1999,Piper
3442541751,Russendisko.,Wladimir Kaminer,2002,Goldmann
3423202947,Hunde von Riga.,Henning Mankell,2000,Dtv
044048474X,Tales of a Fourth Grade Nothing,JUDY BLUME,1976,Yearling
3453025423,Roter Drache,Robert Harris,2002,Distribooks Inc
1558744630,Chicken Soup for the Teenage Soul (Chicken Soup for the Soul),Jack Canfield,1997,Health Communications
038533348X,Cat's Cradle,Kurt Vonnegut,1998,Delta
1558746161,Chicken Soup for the Teenage Soul II (Chicken Soup for the Soul Series),Jack Canfield,1998,HCI Teens
055357230X,The Clinic (Alex Delaware Novels (Paperback)),Jonathan Kellerman,1999,Bantam Books
1573226106,Kitchen Table Wisdom: Stories That Heal,Rachel Naomi Remen,1997,Riverhead Books
1400032717,The Curious Incident of the Dog in the Night-Time (Vintage Contemporaries),Mark Haddon,2004,Vintage
074325547X,Plan of Attack,Bob Woodward,2004,Simon &amp; Schuster
1573222453,The Kite Runner (Alex Awards (Awards)),Khaled Hosseini,2003,Riverhead Books
1853811262,Cats Eye,Margaret Atwood,1995,Trafalgar Square
037541309X,Balzac and the Little Chinese Seamstress,Dai Sijie,2001,Alfred A. Knopf
038549565X,Ghost Soldiers: The Epic Account of World War II's Greatest Rescue Mission,HAMPTON SIDES,2002,Anchor
006099486X,"The Professor and the Madman: A Tale of Murder, Insanity, and the Making of The Oxford English Dictionary",Simon Winchester,1999,Perennial
044652087X,My Sergei: A Love Story,Ekaterina Gordeeva,1996,Warner Books
1878424424,The Mastery of Love: A Practical Guide to the Art of Relationship: A Toltec Wisdom Book,Miguel Ruiz,1999,Amber-Allen Publishing
3442442354,Der Strand,Alex Garland,2000,"Wilhelm Goldmann Verlag, GmbH"
2070388905,Comme un roman,Daniel Pennac,1995,Gallimard
044661064X,The First Counsel,Brad Meltzer,2001,Warner Vision
1551666839,Dead Run,Erica Spindler,2003,Mira
002026478X,AGE OF INNOCENCE (MOVIE TIE-IN),Edith Wharton,1993,Scribner
044661193X,Basket Case,Carl Hiaasen,2003,Warner Books
002542730X,Politically Correct Bedtime Stories: Modern Tales for Our Life and Times,James Finn Garner,1994,John Wiley &amp; Sons Inc
067150987X,Winter's Tale,Mark Helprin,1984,Pocket
039480001X,The Cat in the Hat,Dr. Seuss,1957,Random House Books for Young Readers
1857022424,Shipping News,E Annie Proulx,0,Fourth Estate
068484477X,STONES FROM THE RIVER,Ursula Hegi,1997,Touchstone
038072975X,Midnight Champagne : A Novel (Mysteries &amp; Horror),A. Manette Ansay,2000,Perennial
014006690X,The Women of Brewster Place (Penguin Contemporary American Fiction Series),Gloria Naylor,1983,Penguin Books
1853260401,Three Musketeers (Wordsworth Classics),Alexandre Dumas,1997,NTC/Contemporary Publishing Company
8472236552,UN Viejo Que Leia Novelas De Amor/the Old Men Who Read Love Stories (ColecciÃ³n Andanzas),Luis Sepulveda,1993,Tusquets Editores
3453061187,Die Jury. Roman.,John Grisham,1992,Heyne
345305136X,Das Schweigen der LÃ?Â¤mmer.,Thomas Harris,1991,Heyne
006109157X,Dead Eyes,Stuart Woods,1994,HarperTorch
185326041X,The Great Gatsby,F. Scott Fitzgerald,1999,Lb May &amp; Assoc Inc
042518336X,American Fuji,Sara Backer,2002,Berkley Publishing Group
059045899X,Amber Brown Is Not a Crayon (Amber Brown (Paperback)),Paula Danziger,1995,Jump at the Sun
1551669307,A Gift To Last,Debbie Macomber,2002,Mira
081296683X,Girls' Poker Night: A Novel,Jill Davis,2003,Random House Trade
1558747109,"Chicken Soup for the Cat and Dog Lover's Soul - Celebrating Pets as Family with Stories About Cats, Dogs and Other Critters",Jack Canfield,1999,Health Communications
8495618605,El Codigo Da Vinci / The Da Vinci Code,Dan Brown,2003,Ediciones Urano
067988288X,Wild Magic (Immortals (Paperback)),TAMORA PIERCE,1997,Random House Books for Young Readers
074343627X,Dreamcatcher,Stephen King,2001,Pocket
039914465X,Southern Cross,Patricia Daniels Cornwell,1999,Putnam Pub Group
067102423X,Bag of Bones,Stephen King,1999,Pocket
014004387X,Fifth business,Robertson Davies,1977,Penguin Books
060980619X,God Save the Sweet Potato Queens,JILL CONNER BROWNE,2001,Three Rivers Press
044651652X,The Bridges of Madison County,Robert James Waller,1992,Warner Books
1841952974,I'm Not Scared,Niccolo Ammaniti,2003,Canongate Books
059030271X,Charlotte's Web,E. B. White,1974,Scholastic Paperbacks (T)
1573225517,High Fidelity,Nick Hornby,1996,Riverhead Books
1550548913,How to Be a Canadian: Even If You Already are One,Will Ferguson,2003,Douglas &amp; McIntyre
034541389X,Flesh and Blood,Jonathan Kellerman,2002,Ballantine Books
068487217X,Angelas Ashes: A Memoir,Frank McCourt,1999,Scribner
1573228281,A Gesture Life,Chang-Rae Lee,2000,Riverhead Books
8433969978,El Libro de Las Ilusiones,Paul Auster,2003,Anagrama
950491036X,La Sombra del Viento,Carlos Ruiz Zafon,2003,Planeta
051512608X,The Reef,Nora Roberts,1999,Jove Books
067088300X,The Girls' Guide to Hunting and Fishing,Melissa Bank,1999,Viking Books
1551668912,Thursday'S At Eight,Debbie Macomber,2002,Mira
042515601X,Acts of War (Tom Clancy's Op Center (Paperback)),Tom Clancy,1997,Berkley Publishing Group
038081658X,The Fresco,Sheri S. Tepper,2002,Eos
042518627X,Mister Posterior and the Genius Child,Emily Jenkins,2002,Berkley Publishing Group
1400060052,"Lucia, Lucia : A Novel",ADRIANA TRIGIANI,2003,Random House
1570613818,"Book Lust: Recommended Reading for Every Mood, Moment, and Reason",Nancy Pearl,2003,Sasquatch Books
048627263X,Flatland: A Romance of Many Dimensions (Dover Thrift Editions),Edwin A. Abbott,1992,Dover Publications
038079487X,What Looks Like Crazy On An Ordinary Day,Pearl Cleage,1998,Perennial
3492045170,Stupid White Men. Eine Abrechnung mit dem Amerika unter George W. Bush,Michael Moore,2003,Piper
031205436X,Generation X: Tales for an Accelerated Culture,Douglas Coupland,1992,St. Martin's Press
1573226521,The Beach,Alex Garland,1998,Riverhead Books
1573226882,Fever Pitch,Nick Hornby,1998,Riverhead Books
1573228214,High Fidelity,Nick Hornby,2000,Riverhead Books
8408043641,La Sombra Del Viento/The Shadow Of The Wind,Carlos Ruiz Zafon,2003,Planeta Pub Corp
068480087X,POSTCARDS,Annie Proulx,1994,Scribner
006000438X,The Death of Vishnu: A Novel,Manil Suri,2002,Perennial
1931561648,The Time Traveler's Wife (Today Show Book Club #15),Audrey Niffenegger,2003,MacAdam/Cage Publishing
1576737330,The Prayer of Jabez: Breaking Through to the Blessed Life,Bruce Wilkinson,2000,Multnomah
076534128X,Rebekah (Women of Genesis),Orson Scott Card,2002,Forge Books
006098726X,Stupid White Men : ...And Other Sorry Excuses for the State of the Nation!,Michael Moore,2004,Regan Books
014027944X,Armadillo,William Boyd,0,Penguin Putnam~trade
1573227331,About a Boy,Nick Hornby,1999,Riverhead Books
080411918X,A Patchwork Planet,ANNE TYLER,2001,Ballantine Books
1551668653,Getting Rid Of Bradley,Jennifer Crusie,2001,Mira
038079960X,The Mermaids Singing,Lisa Carey,1999,Avon
074322535X,Gap Creek: The Story of a Marriage,Robert Morgan,2001,Touchstone
038550926X,The Devil Wears Prada : A Novel,LAUREN WEISBERGER,2003,Doubleday
3257229364,Endstation Venedig. Commissario Brunettis zweiter Fall.,Donna Leon,1996,Diogenes Verlag
325722575X,Der Hahn ist tot. Roman.,Ingrid Noll,1993,Diogenes Verlag
3442413338,"Lauf, Jane, lauf. Roman.",Joy Fielding,1992,Goldmann
055327886X,Rubyfruit Jungle,Rita Mae Brown,1983,Bantam Books
014028009X,Bridget Jones's Diary,Helen Fielding,1999,Penguin Books
2070408507,Le Petit Prince,Antoine de Saint-ExupÃ©ry,1999,Gallimard
031286504X,I Am Legend,Richard Matheson,1997,Orb Books
1551666014,Tomorrow's Promise: Can the Heart Let Go of Yesterday?,Sandra Brown,2000,Mira
034540761X,The Final Judgment,Richard North Patterson,1997,Ballantine Books
1844261085,A Book Without Covers,John Andrew Storey,2003,Upfront Publishing
8817131628,Garzanti - Gli Elefanti: Gabbiano Jonathan Livingston,Bach,0,Rizzoli - RCS Libri
038078520X,Wed and Buried (Bed-And-Breakfast Mysteries (Paperback)),Mary Daheim,1998,Avon
8817106259,Seta,Alessandro Baricco,0,Rizzoli - RCS Libri
884590184X,Siddharta Romanzo Versione Di M Mila,Hermann Hesse,0,Adelphi Book Shop Ltd
080410526X,All I Really Need to Know,ROBERT FULGHUM,1989,Ivy Books
031242227X,Running with Scissors: A Memoir,Augusten Burroughs,2003,Picador USA
006093090X,The Night Listener : A Novel,Armistead Maupin,2001,Perennial
038533494X,Sometimes I Dream in Italian,Rita Ciresi,2001,Delta
2070419657,Soie,Alessandro Baricco,2001,Gallimard
061810450X,The Wind Done Gone: A Novel,Alice Randall,2001,Houghton Mifflin
038070613X,Taliesin : Book One of the Pendragon Cycle (Pendragon Cycle),Stephen R. Lawhead,1990,Avon
042516098X,Hornet's Nest,Patricia Daniels Cornwell,1998,Berkley Publishing Group
038549081X,The Handmaid's Tale : A Novel,Margaret Atwood,1998,Anchor
1575665379,The 10th Kingdom (Hallmark Entertainment Books),Kathryn Wesley,2000,Kensington Publishing Corporation
044023672X,Answered Prayers,DANIELLE STEEL,2003,Dell
1573229083,My Dream of You,Nuala O'Faolain,2002,Riverhead Books
034540047X,The Hotel New Hampshire,John Irving,1995,Ballantine Books
1551668998,Beach House,Mary Alice Monroe,2002,Mira
042516828X,Sudden Mischief,Robert B. Parker,1999,Berkley Publishing Group
044651862X,The Celestine Prophecy (Celestine Prophecy),James Redfield,1994,Warner Books
1577311523,The Power of Now: A Guide to Spiritual Enlightenment,Eckhart Tolle,1999,New World Library
1882723007,Embraced by the Light,Betty J. Eadie,1992,Gold Leaf Press (MI)
043935806X,Harry Potter and the Order of the Phoenix (Book 5),J. K. Rowling,2003,Scholastic
042513525X,Hideaway,Dean R. Koontz,1992,Berkley Publishing Group
034530988X,Friday,Robert Heinlein,1988,Del Rey Books
1400031354,Tears of the Giraffe (No.1 Ladies Detective Agency),Alexander McCall Smith,2002,Anchor
014038572X,The Outsiders (Now in Speak!),S. E. Hinton,1997,Puffin Books
202025462X,Hygiene De Lassassin,Amelie Nothomb,2002,European Book Co
2253044903,Le Parfum : Histoire d'un meurtrier,Patrick SÃ?Â¼skind,1988,LGF
3426600218,Dinopark/Jurassic Park,Michael Crichton,1994,Distribooks Inc
1558506462,Small Miracles: Extraordinary Coincidences from Everyday Life,Yitta Halberstam,1997,Adams Media Corporation
8885989403,Va' dove ti porta il cuore (Romanzi e racconti),Susanna Tamaro,1994,Baldini &amp; Castoldi
055321277X,Dr. Jekyll and Mr. Hyde (Bantam Classics),ROBERT LOUIS STEVENSON,1982,Bantam
042516876X,Range of Motion,Elizabeth Berg,2000,Berkley Publishing Group
1551667509,Haunted,Heather Graham,2003,Mira
880781000X,La Casa Degli Spiriti,Isabel Allende,1995,Feltrinelli
1551667371,Thicker Than Water,Maggie Shayne,2003,Mira Books
1551667398,The Bad Witness,Laura Van Wormer,2003,Mira Books
1888054557,Postmarked Yesteryear: 30 Rare Holiday Postcards,Pamela E. Apkarian-Russell,2001,Collectors Press
8804342838,Due di due (Bestsellers),Andrea De Carlo,1991,A. Mondadori
014034991X,Westing Game,Ellen Raskin,1992,Puffin Books
067100767X,Rain,V.C. Andrews,2000,Pocket Books
067945960X,Monster: A Novel,Jonathan Kellerman,1999,Random House Inc
067179356X,In the Name of Love : Ann Rule's Crime Files Volume 4 (Ann Rule's Crime Files),Ann Rule,1998,Pocket
1551669498,Girls Night,Stef Ann Holm,2002,Mira
1400041414,The Murder Room,P.D. JAMES,2003,Knopf
034544356X,"Seduced By Moonlight (Hamilton, Laurell K)",LAURELL K. HAMILTON,2004,Ballantine Books
087542791X,To Ride a Silver Broomstick: New Generation Witchcraft,Silver Ravenwolf,1993,Llewellyn Publications
038072541X,Hit Man,Lawrence Block,1999,HarperTorch
014034893X,"Roll of Thunder, Hear My Cry",Mildred D. Taylor,1991,Puffin Books
055337933X,Fierce Invalids Home from Hot Climates,TOM ROBBINS,2001,Bantam
1853260045,Great Expectations (Wordsworth Classics),Charles Dickens,1997,Wordsworth Editions Ltd
068416325X,The GREAT GATSBY (Scribner Classic),F. Scott Fitzgerald,1979,Scribner Paper Fiction
3746614007,Die PÃ?Â¤pstin.,Donna Woolfolk Cross,1998,Aufbau Tb
3596215226,Schachnovelle,Stefan Zweig,0,Fischer Taschenbuch Verlag
042513699X,Turtle Moon,Alice Hoffman,1993,Berkley Publishing Group
015602943X,The Time Traveler's Wife (Harvest Book),Audrey Niffenegger,2004,Harvest Books
037570485X,The Inn at Lake Devine,Elinor Lipman,1999,Random House
014012389X,Love in the Time of Cholera,Gabriel Garcia Marquez,1998,Penguin Books Ltd
042516019X,Masquerade,Gayle Lynds,1997,Berkley Publishing Group
042513024X,The A.B.C. Murders,Agatha Christie,1993,Berkley Publishing Group
1400031362,Morality for Beautiful Girls (No.1 Ladies Detective Agency),Alexander McCall Smith,2002,Anchor
044020352X,Anguished English: An Anthology of Accidental Assaults Upon Our Language,RICHARD LEDERER,1989,Laurel
1853260150,Picture of Dorian Gray (Wordsworth Classics),Oscar Wilde,1997,NTC/Contemporary Publishing Company
038073186X,Shutter Island,Dennis Lehane,2004,HarperTorch
155874424X,Chicken Soup for the Soul at Work (Chicken Soup for the Soul Series (Paper)),Jack Canfield,1996,Health Communications
1565122968,Gap Creek: A Novel,Robert Morgan,2000,Algonquin Books of Chapel Hill
034543479X,A Widow for One Year,JOHN IRVING,2001,Fawcett
1853262714,Anna Karenina (Wordsworth Classics),Leo Tolstoy,1997,NTC/Contemporary Publishing Company
044021873X,Windy City Blues (V.I. Warshawski Novels (Paperback)),Sara Paretsky,1996,Dell
1555910807,Biblioholism: The Literary Addiction,Tom Raabe,1991,Fulcrum Publishing
042514545X,Fool's Puzzle,Earlene Fowler,1995,Berkley Publishing Group
8495501090,El ocho,Katherine Neville,2001,Punto de Lectura
8495501198,Memorias de una geisha,Arthur Golden,2001,Suma de Letras
8433925180,El Antropologo Inocente,Nigel Barley,1998,Anagrama
8483101610,"Soldados De Salamina (Coleccion Andanzas, 433)",Javier Cercas,2001,Tusquets
1566840287,The Christmas Box (Christmas Box Trilogy),Richard Paul Evans,1993,Pubs Wholesale
1400031346,The No. 1 Ladies' Detective Agency,Alexander McCall Smith,2002,Anchor (UK)
051511264X,Prime Witness,Steven Paul Martini,1994,Jove Books
067940712X,One True Thing,Anna Quindlen,1994,Random House Inc
038081093X,Excavation,James Rollins,2000,HarperTorch
044166251X,"Phule's Company (Phule's Company, No 1)",Robert Asprin,1990,Ace Books
1853260010,Wuthering Heights (Wordsworth Classics),Emily Bronte,1997,NTC/Contemporary Publishing Company
1853260002,Pride &amp; Prejudice (Wordsworth Classics),Jane Austen,1997,NTC/Contemporary Publishing Company
067978148X,The Rules of Attraction,Bret Easton Ellis,1998,Vintage Books USA
1551667479,The Other Twin,Katherine Stone,2003,Mira
039915079X,The Teeth of the Tiger,Tom Clancy,2003,G. P. Putnam's Sons
031298328X,Full Tilt (Janet Evanovich's Full Series),Janet Evanovich,2003,St. Martin's Paperbacks
068482440X,BEACHCOMBING FOR A SHIPWRECKED GOD,Joe Coomer,1997,Touchstone
1556618662,"The Shunning (Heritage of Lancaster County/Beverly Lewis, 1)",Beverly Lewis,1997,Bethany House Publishers
037570924X,An Equal Music,Vikram Seth,2000,Vintage Books USA
044022392X,The Keys to the Street: A Novel of Suspense,Ruth Rendell,1997,Dell
014029628X,Girl in Hyacinth Blue,Susan Vreeland,2000,Penguin Books
044922046X,Catering to Nobody,Diane Mott Davidson,1995,Fawcett Books
051511331X,November of the Heart,LaVyrle Spencer,1995,Jove Books
067151699X,The HIDDEN LIFE OF DOGS,Elizabeth Marshall Thomas,1995,Pocket
1551665557,Family Way,Jayne Ann Krentz,1999,Mira
055321330X,The Awakening,Kate Chopin,1985,Bantam
034542705X,The Man Who Listens to Horses,Monty Roberts,1998,Ballantine Books
044020254X,The Empty House,Rosamunde Pilcher,1995,Dell Publishing Company
055358619X,The Bride Hunt,JANE FEATHER,2004,Bantam
055357695X,Out of the Shadows (Shadows Trilogy (Paperback)),Kay Hooper,2000,Bantam Books
155166545X,House On Olive Street,Robyn Carr,1999,Mira
067942573X,Taltos: Lives of the Mayfair Witches,Anne Rice,1994,Alfred A. Knopf
078688939X,Dirty Jokes and Beer : Stories of the Unrefined,Drew Carey,1998,Hyperion
034068948X,Does My Bum Look Big in This?,Arabella Weir,1999,Trafalgar Square
8817106100,Oceano Mare,Alessandro Baricco,0,Biblioteca Universale Rizzoli
068480154X,TENDER IS THE NIGHT,F. Scott Fitzgerald,1995,Scribner
044022425X,Drums of Autumn,DIANA GABALDON,1997,Dell
1853260363,Don Quixote,Miguel De Cervantes Saavedra,1997,NTC/Contemporary Publishing Company
014023313X,The Stone Diaries,Carol Shields,1995,Penguin Books
076791404X,She's Not There : A Life in Two Genders,JENNIFER FINNEY BOYLAN,2003,Broadway
038070952X,Ramona and Her Mother (Ramona Quimby (Paperback)),Beverly Cleary,1990,HarperTrophy
006001203X,Dr. Atkins' New Diet Revolution,Robert C. Atkins,2001,Avon Books
037540256X,A Patchwork Planet,Anne Tyler,1998,Random House Inc
1400042070,The Amateur Marriage: A Novel,ANNE TYLER,2004,Knopf
1401300316,The Center of Everything,Laura Moriarty,2003,Hyperion
043912042X,Esperanza Rising,Pam Munoz Ryan,2002,Scholastic Paperbacks
2070360024,"L'Etranger (Collection Folio, 2)",Albert Camus,1990,Gallimard Jeunesse
074320395X,The Body Artist : A Novel,Don DeLillo,2001,Scribner
006091307X,The Crying of Lot 49: A Novel (Perennial Fiction Library),Thomas Pynchon,1990,Harpercollins
1573223328,"Across the Nightingale Floor (Tales of the Otori, Book One)",Lian Hearn,2003,Riverhead Books
006109398X,The Treasure Box,Orson Scott Card,1997,HarperTorch
156947012X,The Liar,Stephen Fry,1994,Soho Press
157322202X,The Dream of Scipio,Iain Pears,2002,Riverhead Books
037541200X,Blood Canticle (The Vampire Chronicles),ANNE RICE,2003,Knopf
014034294X,Matilda,Roald Dahl,1990,Puffin Books
034538430X,TickTock,Dean R. Koontz,1997,Ballantine Books
1551668637,New Attitude,Charlotte Hughes,2001,Mira
1551666952,The Falls,Karen Harper,2003,Mira
1551668440,Snowfall,Sharon Sala,2001,Mira
1558743316,A 2nd Helping of Chicken Soup for the Soul (Chicken Soup for the Soul Series (Paper)),Jack Canfield,1994,Health Communications
1853260061,Portrait of the Artist As a Young Man (Wordsworth Classics),James Joyce,1997,NTC/Contemporary Publishing Company
068419337X,SHIPPING NEWS,Annie Proulx,1993,Scribner
051513225X,Pendragon,Catherine Coulter,2002,Jove Books
051512088X,Rosehaven,Catherine Coulter,2000,Jove Books
3404142942,Das Jesus Video.,Andreas Eschbach,2000,LÃ?Â¼bbe
1551668122,Night Of The Black Bird,Heather Graham,2001,Mira
1860461670,Miss Smilla's Feeling for Snow,Peter Hoeg,2000,Havill Pr
043942089X,The Thief Lord,Cornelia Funke,2003,Chicken House
1551668254,Road Taken,Rona Jaffe,2001,Mira
055321246X,Walden and Other Writings,HENRY DAVID THOREAU,1983,Bantam
1558747613,"Chicken Soup for the Teenage Soul III : More Stories of Life, Love and Learning (Chicken Soup for the Soul)",Jack Canfield,2000,HCI Teens
1558745718,Chicken Soup for the Pet Lover's Soul (Chicken Soup for the Soul),Jack Canfield,1998,Health Communications
8806142100,Io Non Ho Paura,Niccolo Ammaniti,2002,Distribooks Inc
067087311X,Icy Sparks,Gwynn Rubio,1998,Viking Books
3423202327,MÃ?Â¶rder ohne Gesicht.,Henning Mankell,1999,Dtv
006016848X,"Men Are from Mars, Women Are from Venus: A Practical Guide for Improving Communication and Getting What You Want in Your Relationships",John Gray,1992,HarperCollins Publishers
1551668432,Texas Ranger,Diana Palmer,2001,Mira
039914840X,Three Fates,Nora Roberts,2002,Putnam Publishing Group
042510107X,Red Storm Rising,Tom Clancy,1997,Berkley Publishing Group
043936213X,Harry Potter and the Sorcerer's Stone (Book 1),J. K. Rowling,2001,Scholastic
1551667436,Strange Bedpersons,Jennifer Crusie,2003,Mira
075820230X,Chocolate Chip Cookie Murder (Hannah Swensen Mysteries (Paperback)),Joanne Fluke,2001,Kensington Publishing Corporation
055357258X,The Last Suppers,DIANE MOTT DAVIDSON,1995,Crimeline
006098824X,Getting Over It,Anna Maxted,2001,Regan Books
038550120X,A Painted House,JOHN GRISHAM,2001,Doubleday
038549730X,The Vine of Desire: A Novel,Chitra Banerjee Divakaruni,2003,Anchor Books/Doubleday
1551665301,Book Club,Mary Alice Monroe,1999,Mira
1588720020,Crossing Over,John Edward,2001,John Edward (HAYLO)
1400060737,The Birth of Venus,Sarah Dunant,2004,Random House
034543739X,Until the Real Thing Comes Along (Ballantine Reader's Circle),ELIZABETH BERG,2000,Ballantine Books
3548359698,Warum MÃ?Â¤nner nicht zuhÃ?Â¶ren und Frauen schlecht einparken.,Allan Pease,2000,Ullstein Tb
042518109X,Whispers,Dean R. Koontz,2001,Berkley Publishing Group
038079439X,Expendable,James Alan Gardner,1999,Eos
076790592X,"Tuesdays with Morrie: An Old Man, a Young Man, and Life's Greatest Lesson",Mitch Albom,2002,Broadway
044023574X,After the Fire,Belva Plain,2001,Dell Publishing Company
074321689X,Call Me Crazy : A Memoir (Lisa Drew Books (Hardcover)),Anne Heche,2001,Scribner
082175856X,Sara's Song,Fern Michaels,1998,Zebra Books
1853261580,The Little Prince (Wordsworth Collection),Antoine de Saint-ExupÃ©ry,1998,NTC/Contemporary Publishing Company
1551669021,Like Silk,Mary Lynn Baxter,2002,Mira
044022103X,One True Thing,Anna Quindlen,1995,Dell
2290045764,Extension Du Domain De La Lutte,Michel Houellebecq,2002,European Book Co
042510687X,Outbreak,Robin Cook,1991,Berkley Publishing Group
044018293X,Suffer the Children,John Saul,1986,Dell
055357339X,"Assassin's Apprentice (The Farseer Trilogy, Book 1)",ROBIN HOBB,1996,Bantam
8420634093,El guardiÃ¡n entre el centeno,J. D. Salinger,1978,Alianza Editorial
1583224890,11-Sep,Noam Chomsky,2001,Seven Stories Press
074322423X,Self Matters : Creating Your Life from the Inside Out,Phillip C. McGraw,2001,Free Press
051513595X,The Arraignment,Steve Martini,2003,Jove Pubns
044021680X,Gai-Jin: A Novel of Japan,James Clavell,1994,Dell Publishing Company
067943853X,Of Love And Other Demons,GABRIEL GARCIA MARQUEZ,1995,Knopf
080411868X,"Welcome to the World, Baby Girl!",Fannie Flagg,1999,Ballantine Books
067172262X,Hamlet,William Shakespeare,1992,Washington Square Press
055314300X,Bourne Identity,Robert Ludlum,1966,Bantam Doubleday Dell
1582341400,A Cook's Tour,Anthony Bourdain,2001,Bloomsbury Publishing (NY)
042518045X,Unraveled Sleeve (Needlecraft Mysteries),Monica Ferris,2001,Berkley Publishing Group
140003065X,A Fine Balance,Rohinton Mistry,2001,Vintage Books USA
037582233X,Stargirl,JERRY SPINELLI,2002,Knopf Books for Young Readers
055358068X,The Least Likely Bride,Jane Feather,2000,Bantam
006097673X,Autobiography of a Face,Lucy Grealy,1995,Perennial
037570745X,In the Fall (Vintage Contemporaries (Paperback)),Jeffrey Lent,2001,Vintage Books USA
044011585X,Crossings,DANIELLE STEEL,1987,Dell
042511984X,The Face of Fear,Dean R. Koontz,1996,Berkley Publishing Group
080411109X,The Hundred Secret Senses,Amy Tan,1996,Ivy Books
3257227264,Die HÃ?Â¤upter meiner Lieben.,Ingrid Noll,2000,Diogenes Verlag
3442429552,Die Puppenspieler,Tanja Kinkel,0,Goldmann Verlag
3423201509,Die Weiss Lowin / Contemporary German Lit,Henning Mankell,2002,Distribooks
051512558X,The Overseer,Jonathan Rabb,1999,Jove Books
1551668084,Storm Warning,Dinah Mccall,2001,Mira
051513306X,The Shape of Snakes,Minette Walters,2002,Jove Books
3404148665,Illuminati.,Dan Brown,2003,LÃ?Â¼bbe
1551666650,Hurricane Bay,Heather Graham,2003,Mira Books
1558745157,The Lost Boy: A Foster Child's Search for the Love of a Family,Dave Pelzer,1997,Health Communications
034536208X,Fair and Tender Ladies,Lee Smith,1989,Ballantine Books
006050918X,City of the Beasts,Isabel Allende,2002,HarperCollins
037325024X,Out of the Blue (Red Dress Ink (Paperback)),Isabel Wolff,2003,Red Dress Ink
078670621X,Endurance: Shackleton's Incredible Voyage,Alfred Lansing,1999,Carroll &amp; Graf Publishers
1400060117,A Round-Heeled Woman : My Late-Life Adventures in Sex and Romance,JANE JUSKA,2003,Villard
1573222267,Blue Shoe,Anne Lamott,2002,Riverhead Books
1558745017,Chicken Soup for the Christian Soul (Chicken Soup for the Soul Series (Paper)),Jack Canfield,1997,Health Communications
157322930X,High Maintenance,Jennifer Belle,2002,Riverhead Books
038073320X,The Gazebo: A Novel,Emily Grayson,2000,Avon
006039384X,Mirror Mirror: A Novel,Gregory Maguire,2003,Regan Books
037576092X,Autobiography of a Fat Bride : True Tales of a Pretend Adulthood,LAURIE NOTARO,2003,Villard
051513452X,The Lunatic Cafe (Anita Blake Vampire Hunter (Paperback)),Laurell K. Hamilton,2002,Jove Books
051513449X,Guilty Pleasures (Anita Blake Vampire Hunter (Paperback)),Laurell K. Hamilton,1995,Jove Books
081257558X,"Winter's Heart (The Wheel of Time, Book 9)",Robert Jordan,2002,Tor Books
055356983X,Anne Frank's Tales from the Secret Annex,Anne Frank,1994,Bantam Books
1860499627,Desert Dawn,Jeanne D'Haem,2003,Virago Press (UK)
034544227X,Just Friends,Robyn Sisman,2002,Ballantine Books
2290311782,Je Voudrais Que Quelqu'un M'Attende Quelque Part,Anna Gavalda,2001,Editions J'Ai Lu
1550544683,Jade Peony,Wayson Choy,1995,Harpercollins Canada
1573229725,Fingersmith,Sarah Waters,2002,Riverhead Books
059056885X,"Attack of the Jack-O'-Lanterns (Goosebumps, 48)",R. L. Stine,1996,Scholastic
1551669323,Crimson Rain,Meg O'Brien,2002,Mira
8807813025,"Novocento, Un Monologo",Alessandro Baricco,2003,Distribooks Inc
1573227889,Tipping the Velvet,Sarah Waters,2000,Riverhead Books
1551665204,Baby Farm,Karen Harper,1999,Mira
038072118X,Where is Joe Merchant?,Jimmy Buffett,1993,Avon
038550117X,Disobedience,Jane Hamilton,2000,Doubleday Books
1400030927,Jennifer Government,MAX BARRY,2004,Vintage
038549744X,English Passengers,Matthew Kneale,2001,Anchor Books/Doubleday
006103018X,Coldheart Canyon,Clive Barker,2002,HarperTorch
087113795X,Peace Like a River,Leif Enger,2001,Grove/Atlantic
1558746226,A Second Chicken Soup for the Woman's Soul (Chicken Soup for the Soul Series),Jack Canfield,1998,Health Communications
044100914X,Castaways of the Flying Dutchman,Brian Jacques,2002,Ace Books
044016205X,"North and South (North and South Trilogy, Book 1)",John Jakes,1988,Dell Publishing Company
067189109X,The Blessing,Jude Deveraux,1999,Pocket Star
067162461X,LONESOME DOVE  M,Larry McMurtry,1989,Pocket
067166641X,SURRENDER THE PINK : SURRENDER THE PINK,Angela Fisher,1991,Pocket
006440630X,The Midwife's Apprentice (Trophy Newbery),Karen Cushman,1996,HarperTrophy
038542017X,"Like Water for Chocolate : A Novel in Monthly Installments with Recipes, Romances, and Home Remedies",LAURA ESQUIVEL,1995,Anchor
038079828X,Petals on the River (Avon Historical Romance),Kathleen E. Woodiwiss,1998,Avon
207038165X,L'Insoutenable Legerete de l'Etre,Milan Kundera,1989,Gallimard French
034541005X,The Power of One,Bryce Courtenay,1992,Ballantine Books
059045370X,"Let's Get Invisible! (Goosebumps, No 6)",R. L. Stine,1995,Scholastic
006104444X,Zen Attitude,Sujata Massey,2000,HarperTorch
8845205118,Il Piccolo Principe Prince Italn,Antoine de Saint-ExupÃ©ry,0,Bompiani Italian
2266104535,Et Si C'Etait Vrai / If This Were Only True,Marc Levy,2001,Pocket
055327449X,The Illustrated Man (Grand Master Editions),RAY BRADBURY,1983,Spectra
006447108X,The Last Battle,C. S. Lewis,1994,HarperCollins
067187098X,For the Roses,Julie Garwood,1996,Pocket
1400030382,The Piano Tuner : A Novel,DANIEL MASON,2003,Vintage
3379015180,Schlafes Bruder,Robert Schneider,1994,"Reclam, Leipzig"
1853260231,Frankenstein (Wordsworth Classics),Mary Wollstonecraft Shelley,1997,NTC/Contemporary Publishing Company
3442727952,GefÃ?Â¤hrliche Geliebte.,Haruki Murakami,2002,btb
055358183X,The Bride and the Beast,TERESA MEDEIROS,2001,Bantam
1551660717,Forbidden Fruit,Erica Spindler,1996,Mira
3596237874,Beim Naechsten Mann Wird Alles (Frau in Der Gesellschaft),Eva Heller,1997,Fischer Taschenbuch Verlag GmbH
1551669188,Love In Bloom's,Judith Arnold,2002,Mira
1573221937,How to Be Good,Nick Hornby,2001,Riverhead Books
037383599X,Simply Sensual (Harlequin Single Title),Carly Phillips,2004,Harlequin
1551669374,Sisters Found,Joan Johnston,2002,Mira
1551669226,The Hidden Heart,Candace Camp,2002,Mira
1551669234,Stonebrook Cottage,Carla Neggers,2002,Mira
055323336X,God Project,John Saul,1983,Bantam Books
044024126X,Taken,Thomas H. Cook,2002,Dell Publishing Company
067172939X,Dark Angel (Casteel),V.C. Andrews,1990,Pocket
088730866X,The Dilbert Future: Thriving on Stupidity in the 21st Century,Scott Adams,1997,HarperCollins Publishers
067972768X,The Joy Luck Club (Vintage Contemporaries),Amy Tan,1991,Vintage Books USA
1551664348,Montana,Debbie Macomber,1998,Mira
3518366823,Siddhartha,Hermann Hesse,0,Suhrkamp Verlag
051512768X,The Orchid Hunter,Jill Marie Landis,2000,Jove Books
1551667010,The Soul Catcher: A Maggie O'Dell Novel,Alex Kava,2003,Mira
044022330X,Rush Limbaugh Is a Big Fat Idiot: And Other Observations,Al Franken,1996,Island
039304632X,The Voyage of the Narwhal,Andrea Barrett,1998,W W Norton &amp; Co Inc
074341134X,True to Form : A Novel,Elizabeth Berg,2002,Atria
015100692X,The Crimson Petal and the White,Michel Faber,2002,Harcourt
155166884X,Doing Good,Pamela Morsi,2002,Mira Books
039914675X,The Cat Who Went up the Creek,Lilian Jackson Braun,2002,Putnam Adult
059048351X,"A Night in Terror Tower (Goosebumps, No 27)",R. L. Stine,1995,Scholastic
067082982X,The Dark Half,Stephen King,1992,Viking Books
1551660504,Skin Deep,Nora Roberts,1995,Mira
044022473X,Breach of Promise,Perri O'Shaughnessy,1999,Island
1853260207,Jane Eyre (Wordsworth Classics),Charlotte Bronte,1997,NTC/Contemporary Publishing Company
044023655X,Kiss of the Highlander,Karen Marie Moning,2001,Dell Publishing Company
067102096X,Lethal Seduction,Jackie Collins,2001,Pocket
042518286X,Shock,Robin Cook,2002,Berkley Publishing Group
060980877X,The Sweet Potato Queens' Big-Ass Cookbook (and Financial Planner),Jill Conner Browne,2003,Three Rivers Press
1885171080,"Girlfriends: Invisible Bonds, Enduring Ties",Carmen Renee Berry,1995,Wildcat Canyon Press
051512219X,Small Town Girl,Lavyrle Spencer,1998,Jove Books
067101417X,High Tide,Jude Deveraux,2000,Pocket
3453071174,Die Firma. Roman.,John Grisham,1993,Heyne
8845247414,Il Piccolo Principe,Antoine De Saint-Exupery,2002,Distribooks Inc
1401300901,"PS, I Love You",Cecelia Ahern,2004,Hyperion
1551667894,Four Seasons,Mary Alice Monroe,2001,Mira
051510521X,Bitter Sweet,LaVyrle Spencer,1995,Jove Books
014100018X,Chocolat,Joanne Harris,2000,Penguin Books
1551667959,7b,Stella Cameron,2001,Mira
067081976X,Leaving Home/a Collection of Lake Wobegon Stories,Garrison Keillor,1987,Penguin USA
226612269X,Ou Es-Tu?,Marc Levy,2003,Distribooks Inc
1573229865,The Dream of Scipio,Iain Pears,2003,Riverhead Books
038075620X,Night Fire,Catherine Coulter,1989,Avon
1573228583,Speaking With the Angel,Nick Hornby,2001,Riverhead Books
006251279X,The Pilgrimage,Paulo Coelho,1995,HarperSanFrancisco
051513628X,Key of Light (Key Trilogy (Paperback)),Nora Roberts,2003,Jove Books
038071907X,Nothing But The Truth: A Documentary Novel,Avi,1993,HarperTrophy
1551668467,Deepest Water,Kate Wilhelm,2001,Mira
038072880X,High Crimes,Joseph Finder,2002,Avon
006109918X,Talking God (Jim Chee Novels),Tony Hillerman,1991,HarperTorch
044900483X,Children of God (Ballantine Readers Circle),Mary Doria Russell,1999,Ballantine Books
042518403X,A Murderous Yarn (Needlecraft Mysteries),Monica Ferris,2002,Berkley Publishing Group
067975833X,Confederates in the Attic : Dispatches from the Unfinished Civil War (Vintage Departures),TONY HORWITZ,1999,Vintage
037325041X,The Solomon Sisters Wise Up (Red Dress Ink),Melissa Senate,2003,Red Dress Ink
1400032644,The Diary of an American Au Pair: A Novel,Marjorie Leet Ford,2003,Anchor Books/Doubleday
055323370X,Emily of New Moon,L.M. MONTGOMERY,1983,Laurel Leaf
044022313X,Black Light,Stephen Hunter,1997,Island
1551668394,Wedding Party,Robyn Carr,2001,Mira
1558747060,"Chicken Soup for the Single's Soul - 101 Stories of Love and Inspiration for the Single, Divorced and Widowed",Jack Canfield,1999,Health Communications
1558746463,Chicken Soup for the Couple's Soul (Chicken Soup for the Soul),Jack Canfield,1999,HCI
1558746099,"Chicken Soup for the Kid's Soul : 101 Stories of Courage, Hope and Laughter (Chicken Soup for the Soul (Paperback Health Communications))",Jack Canfield,1998,HCI
1558744029,Chicken Soup for the Surviving Soul: 101 Healing Stories to Comfort Cancer Patients and Their Loved Ones,Jack Canfield,1996,Health Communications
1558743790,A 3rd Serving of Chicken Soup for the Soul (Chicken Soup for the Soul Series (Paper)),Jack Canfield,1996,Health Communications
006447187X,Girl Goddess #9 : Nine Stories,Francesca Lia Block,1998,HarperTrophy
038072152X,"Hello Darling, Are You Working?",Rupert Everett,1998,Perennial
1551668157,About That Man,Sherryl Woods,2001,Mira
014027927X,Ralph's Party,Lisa Jewell,1999,Penguin Books Ltd
1565075722,The Power of a Praying Wife,Stormie Omartian,1997,Harvest House Publishers
034531221X,Lincoln,Gore Vidal,1985,Ballantine Books
1576738167,Redeeming Love,Francine Rivers,2001,Multnomah
155166576X,"Dakota Born (Dakota Trilogy, Book 1)",Debbie Macomber,2000,Mira Books
1580082319,How Wal-Mart is Destroying America and The World and What You Can Do About It,Bill Quinn,2000,Ten Speed Press
1576730360,I Kissed Dating Goodbye: A New Attitude Toward Relationships And Romance,Joshua Harris,1997,Multnomah
1551665794,Twelve Across,Barbara Delinsky,2000,Mira
1878448900,Girl in Hyacinth Blue,Susan Vreeland,1999,MacAdam/Cage Publishing
8401491029,Misery,Stephen King,1999,"Plaza &amp; Janes Editores, S.A."
1857027051,Larrys Party,Carol Shields,0,Fourth Estate
155166531X,Tiger Prince,Sandra Brown,1999,Mira
3453146972,Per Anhalter durch die Galaxis.,Douglas Adams,1998,Heyne
067973225X,As I Lay Dying: The Corrected Text (Vintage International),William Faulkner,1990,Vintage Books USA
068482499X,A Moveable Feast,Ernest Hemingway,1996,Scribner
1551668483,North Of Clever,Suzann Ledbetter,2001,Mira
081257639X,"Faith of the Fallen (Sword of Truth, Book 6)",Terry Goodkind,2001,Tor Books
034539092X,The Great Train Robbery,Michael Crichton,1995,Ballantine Books
006109868X,Pigs in Heaven,Barbara Kingsolver,1999,Perennial
067944999X,The Kiss,Kathryn Harrison,1997,Random House Inc
042519485X,Undead and Unwed (Berkley Sensation),Mary Janice Davidson,2004,Berkley Publishing Group
006440031X,The First Four Years (Little House),Laura Ingalls Wilder,1953,HarperTrophy
082177512X,Say No to Joe?,Lori Foster,2003,Zebra Books (Mass Market)
1551668459,Cabin,Carla Neggers,2002,Mira
014017737X,The Pearl,John Steinbeck,2000,Penguin USA (Paper)
1573229628,Prozac Nation: Young and Depressed in America,Elizabeth Wurtzel,2002,Riverhead Books
1551667215,The Book Club,Mary Alice Monroe,2003,Mira
1400045088,The Salmon of Doubt: Hitchhiking the Galaxy One Last Time,DOUGLAS ADAMS,2002,Harmony
055328942X,"The Shelters of Stone (Earth's Children, Book 5)",JEAN M. AUEL,2003,Bantam
068480297X,SHOCK WAVE (Dirk Pitt Adventures (Hardcover)),Clive Cussler,1996,Simon &amp; Schuster
1841954608,Vernon God Little: A 21st Century Comedy in the Presence of Death,D. B. C. Pierre,2003,Canongate Books
055356773X,The Cereal Murders,Diane Mott Davidson,1994,Crimeline
067164257X,GARDEN OF SHADOWS (Dollanger Saga (Paperback)),Ariel Jennifer Jones,1987,Pocket
006103004X,Blind Man's Bluff: The Untold Story of American Submarine Espionage,Sherry Sontag,1999,Perennial
055327824X,Of Mice and Men,JOHN STEINBECK,1983,Bantam
1558744592,A 4th Course of Chicken Soup for the Soul: 101 More Stories to Open the Heart and Rekindle the Spirit,Jack Canfield,1997,Health Communications
082177462X,Kentucky Sunrise,Fern Michaels,2003,Zebra Books (Mass Market)
015640057X,"Henry and June: From \A Journal of Love\"" -The Unexpurgated Diary of Anais Nin (1931-1932)""",Anais Nin,1990,Harvest Books
1573220485,The Beach,Alex Garland,1997,Putnam Pub Group
044990542X,Tales from Margaritaville: Fictional Facts and Factual Fictions,Jimmy Buffett,1990,Fawcett Books
1573223425,Blue Shoe,Anne Lamott,2003,Riverhead Books
015670160X,Orlando: A Biography,Virginia Woolf,1993,Harcourt
038071843X,Breach of Duty: A J.P. Beaumont Mystery,J.A. Jance,1999,Avon
1573220280,The Cloister Walk,Kathleen Norris,1996,Riverhead Books
034536676X,The World According to Garp,John Irving,1994,Ballantine Books
078688908X,Chain of Evidence,Ridley Pearson,1997,Hyperion
039915180X,Hidden Prey,John Sandford,2004,Putnam Publishing Group
081296814X,Durable Goods : A Novel (Ballantine Reader's Circle),ELIZABETH BERG,2003,Ballantine Books
055310666X,False Memory,Dean R. Koontz,1999,Bantam Books
1551662604,This Matter Of Marriage,Debbie Macomber,1997,Mira
1551667401,Out Of The Dark,Sharon Sala,2003,Mira
006053429X,Couldn't Keep It to Myself : Testimonies from Our Imprisoned Sisters,Wally Lamb,2003,Regan Books
067942525X,Intensity,DEAN KOONTZ,1996,Knopf
067100042X,Silent Night : A Christmas Suspense Story,Mary Higgins Clark,1996,Pocket
006091565X,The Dance of Anger: A Woman's Guide to Changing the Patterns of Intimate Relationships,Harriet Lerner,1997,Quill
034529873X,Moreta: Dragonlady of Pern,Anne McCaffrey,1991,Del Rey Books
042518272X,Truffled Feathers,Nancy Fairbanks,2001,Berkley Publishing Group
1573225312,Native Speaker,Chang-Rae Lee,1996,Riverhead Books
067172942X,Garden of Shadows (Dollanganger),V.C. Andrews,1990,Pocket
044040665X,Beezus and Ramona,Beverly Cleary,1994,Yearling Books
034530456X,Night Mare #06,Piers Anthony,1983,Del Rey Books
034537536X,Show of Evil,William Diehl,1996,Ballantine Books
038072362X,A Superior Death,Nevada Barr,2002,Harper Mass Market Paperbacks
042507160X,Dune (Dune Chronicles (Berkley Paperback)),Frank Herbert,1984,Berkley Publishing Group
044661078X,Passing Through Paradise,Susan Wiggs,2002,Warner Books
1551669412,Hot Shot,Charlotte Hughes,2002,Mira
159184021X,Purple Cow: Transform Your Business by Being Remarkable,Seth Godin,2003,Portfolio Hardcover
1575667223,Blueberry Muffin Murder (Hannah Swensen Mysteries (Paperback)),Joanne Fluke,2003,Kensington Publishing Corporation
1575667215,Strawberry Shortcake Murder: A Hannah Swensen Mystery (Hannah Swensen Mysteries (Paperback)),Joanne Fluke,2002,Kensington Publishing Corporation
038081918X,Getting Lucky (Avon Light Contemporary Romances),Susan Andersen,2003,Avon
1551666189,Manhunting (Mira),Jennifer Crusie,2000,Mira
1551668270,Cold Tea On A Hot Day,Curtiss Matlock,2001,Mira
074342347X,The Wildflowers (omnibus) : Misty--Star--Jade--Cat (Wildflowers (Paperback)),V.C. Andrews,2001,Pocket
8478884955,Harry Potter y la cÃ¡mara secreta,J. K. Rowling,1999,Lectorum Publications
8478884459,Harry Potter y la piedra filosofal,J. K. Rowling,1999,Lectorum Publications
080410946X,Object Lessons,Anna Quindlen,1992,Ivy Books
051511779X,Born in Shame,Nora Roberts,1996,Jove Books
055358264X,Dream Country,Luanne Rice,2002,Bantam Books
037570910X,The Feast of Love (Vintage Contemporaries (Paperback)),Charles Baxter,2001,Vintage Books USA
155166951X,What The Lady Wants,Jennifer Crusie,2002,Mira
074320607X,"Nighttime Is My Time (Clark, Mary Higgins)",Mary Higgins Clark,2004,Simon &amp; Schuster
1551669455,Deadly Grace,Taylor Smith,2003,Mira Books
014005829X,East of Eden,John Steinbeck,0,Penguin Putnam~trade
059042792X,My Brother Sam Is Dead (Point),James Lincoln Collier,1989,Scholastic Paperbacks
1573220876,About a Boy,Nick Hornby,1998,Riverhead Books
044041833X,"The Subtle Knife (His Dark Materials, Book 2)",PHILIP PULLMAN,2001,Yearling
037540600X,Horse Heaven,Jane Smiley,2000,Random House Inc
1563890119,"Preludes and Nocturnes (Sandman, Book 1)",Neil Gaiman,1993,DC Comics
044900371X,The Orchid Thief (Ballantine Reader's Circle),Susan Orlean,2000,Ballantine Books
055356921X,The Strange Files of Fremont Jones (Fremont Jones Mysteries (Paperback)),Dianne Day,1996,Bantam
006109286X,The Pardon,James Grippando,1995,Avon Books
055357602X,In a Class by Itself,Sandra Brown,2000,Bantam Books
1551662779,Best Of Enemies,Taylor Smith,1997,Mira
055357227X,"The Web (Alex Delaware Series, No. 10)",JONATHAN KELLERMAN,1996,Bantam
055329170X,Time Bomb (Alex Delaware Novels (Paperback)),Jonathan Kellerman,1991,Bantam Books
039914613X,Easy Prey,John Sandford,2000,Putnam Publishing Group
1551664313,Random Acts,Taylor Smith,1998,Mira
1573227358,"The Dark Side of the Light Chasers: Reclaiming Your Power, Creativity, Brilliance, and Dreams",Debbie Ford,1999,Riverhead Books
051511054X,Bygones,LaVyrle Spencer,1996,Jove Books
042514755X,McNally's Trial (Archy McNally Novels (Paperback)),Lawrence Sanders,1995,Berkley Publishing Group
042511872X,Stolen Blessings,Lawrence Sanders,1994,Berkley Publishing Group
042512164X,Capital Crimes,Lawrence Sanders,2000,Berkley Publishing Group
084232920X,"Assassins: Assignment: Jerusalem, Target: Antichrist (Left Behind #6)",Tim Lahaye,1999,Tyndale House Publishers
038075911X,The Black Lyon,Jude Deveraux,1980,Avon
038078405X,Together,Linda L. Miller,2001,HarperTorch
1573229350,Best Friends,Martha Moody,2002,Riverhead Books
080411188X,Defend and Betray (William Monk Novels (Paperback)),Anne Perry,1993,Ivy Books
034541215X,Bimbos of the Death Sun,SHARYN MCCRUMB,1996,Fawcett
1853260282,Emma (Wordsworth Classics),Jane Austen,1997,NTC/Contemporary Publishing Company
038531700X,The Loop: A Novel,Nicholas Evans,1998,Delacorte Press
042518904X,Widow's Walk,Robert B. Parker,2003,Berkley Publishing Group
038072121X,In the Electric Mist with Confederate Dead,James L. Burke,1994,Avon
006109921X,Up Island: A Novel,Anne Rivers Siddons,1998,HarperTorch
1551669153,Split Second (Maggie O'Dell Novels (Paperback)),Alex Kava,2001,Mira
042517140X,Loyalty in Death,J. D. Robb,2004,Berkley Publishing Group
1551668246,Perfect Evil (Maggie O'Dell Novels (Paperback)),Alex Kava,2001,Mira
042510429X,The Third Deadly Sin,Lawrence Sanders,2001,Berkley Publishing Group
044920703X,One More Sunday,John D. MacDonald,1985,Fawcett Books
055325846X,Trinity,Leon Uris,1983,Bantam Books
1401088945,Ground Zero and Beyond,J. P. McCarthy,2003,Xlibris Corporation
044098761X,A Wind in the Door (Laurel Leaf Books),Madeleine L'Engle,1976,Laure Leaf
037382503X,"Tyler #3 Wisconsin Wedding (Tyler, No 3)",Carla Neggers,1992,Harlequin
055327953X,To Be the Best,Barbara Taylor Bradford,1992,Bantam Books
044100315X,"The Bellmaker (Redwall, Book 7)",Brian Jacques,1996,Ace Books
084233226X,Desecration: Antichrist Takes the Throne (Left Behind No. 9),Tim Lahaye,2001,Tyndale House Publishers
3596259924,Die Unertragliche Leichtigkeit des Seins...The Unbearable Lightness of Being,Milan Kundera,1997,Distribooks Inc
3257218370,Gottes Werk Und Teufels Beitrag,John Irving,2000,Diogenes Verlag AG
3596282225,Die Nebel von Avalon. Roman.,Marion Zimmer Bradley,2000,"Fischer (Tb.), Frankfurt"
3518368001,Neue Leiden Des Jungen,Plenzdorf,0,Distribooks Int'l+inc
3442455707,MilitÃ?Â¤rmusik.,Wladimir Kaminer,2003,Goldmann
1551666170,Lord Of The Desert (Mira),Diana Palmer,2000,Mira
006109174X,Redemption,Leon Uris,1996,HarperTorch
055329315X,Reckless,Amanda Quick,1992,Bantam
034537472X,Sapphire Rose (Elenium (Paperback)),DAVID EDDINGS,1992,Del Rey
156584100X,Lies My Teacher Told Me: Everything Your History Textbook Got Wrong,James W. Loewen,1995,New Press
1573222038,Fingersmith,Sarah Waters,2002,Riverhead Hardcover
051510566X,The Cat Who Lived High,Lilian Jackson Braun,1991,Jove Books
1551660520,Promise Me Forever,Debbie Macomber,1995,Mira
038533558X,Gone For Good,HARLAN COBEN,2002,Delacorte Press
039914787X,Valhalla Rising (Dirk Pitt Adventures (Hardcover)),Clive Cussler,2001,G. P. Putnam's Sons
1551667967,Dead End,Helen Myers,2001,Mira
1551668947,White Mountain,Dinah Mccall,2002,Mira
155166674X,Between Friends,Debbie Macomber,2003,Mira Books
1551666618,Impetuous Innocent,Stephanie Laurens,2003,Mira
037325055X,Inappropriate Men (Red Dress Ink),Stacey Ballis,2004,Red Dress Ink
044023669X,The Kiss,Danielle Steel,2002,Dell Publishing Company
038531292X,The Gift,Danielle Steel,1994,Delacorte Press
051511992X,That Camden Summer,Lavyrle Spencer,1997,Jove Books
1551662914,Above And Beyond,Sandra Brown,1997,Mira
3404129423,Der dritte Zwilling.,Ken Follett,1999,LÃ?Â¼bbe
039480029X,Hop on Pop (I Can Read It All by Myself Beginner Books),Dr. Seuss,1963,Random House Books for Young Readers
1551669382,Enchanted Afternoon,Susan Wiggs,2002,Mira
1551665344,Horsemasters Daughter,Susan Wiggs,1999,Mira
1573225541,Going Down,Jennifer Belle,1996,Riverhead Books
060960225X,A Gracious Plenty,Sheri Reynolds,1997,Random House Inc
006018650X,A Secret Affair,Barbara Taylor Bradford,1996,Harpercollins
1573222259,"Across the Nightingale Floor: Tales of the Otori, Book One",Lian Hearn,2002,Riverhead Hardcover
034532532X,The Lasko Tangent,Richard North Patterson,1994,Ballantine Books
158062524X,"A Cup of Comfort: Stories That Warm Your Heart, Lift Your Spirit, and Enrich Your Life",Colleen Sell,2001,Adams Media Corporation
038000917X,Rebecca,Daphne du Maurier,1982,Avon Books
1551668068,Fox River,Emilie Richards,2001,Mira
067169507X,SEAT OF THE SOUL,Gary Zukav,1990,Free Press
1878424114,The Seven Spiritual Laws of Success: A Practical Guide to the Fulfillment of Your Dreams (based on Creating Affluence),Deepak Chopra,1995,New World Library
1551666847,Cold Ridge,Carla Neggers,2003,Mira
1565123638,The Last Girls (Shannon Ravenel Books (Hardcover)),Lee Smith,2002,Algonquin Books of Chapel Hill
051513239X,The Music of the Spheres,Elizabeth Redfern,2002,Jove Books
8445071416,El Hobbit,J. R. R. Tolkien,1991,Minotauro
3462032283,ZwÃ?Â¶lf.,Nick McDonell,2003,Kiepenheuer &amp; Witsch
042518000X,Nursery Crimes (Mommy-Track Mysteries (Paperback)),Ayelet Waldman,2001,Berkley Publishing Group
067941388X,The Silent Passage: Menopause,Gail Sheehy,1992,Random House Inc
044023719X,The Triumph of Katie Byrne,Barbara Taylor Bradford,2001,Island
031208188X,Every Living Thing,James Herriot,1992,St. Martin's Press
067978120X,Chasing Cezanne,Peter Mayle,1998,Vintage Books USA
8423310353,El Camino (Coleccion Destinolibro),Miguel Delibes,1991,Continental Book Company
1853260320,Mansfield Park (Wordsworth Collection),Jane Austen,1998,Wordsworth Editions Ltd
055357910X,Meg,Steve Alten,1998,Bantam Books
3453150538,Weit wie das Meer.,Nicholas Sparks,1999,Heyne
2070416801,Balzac Et LA Petite Tailleuse Chino,Daj Sijie,2002,Gallimard Jeunesse
044022859X,Holes (Readers Circle),LOUIS SACHAR,2001,Laurel Leaf
078688097X,Inner Simplicity : 100 Ways to Regain Peace and Nourish Your Souls,Elaine St. James,1995,Hyperion
067091021X,Year of Wonders: A Novel of the Plague,Geraldine Brooks,2001,Viking Books
042517400X,"Night Moves (Tom Clancy's Net Force, No. 3)",Tom Clancy,2000,Berkley Publishing Group
1573220221,The Color of Water: A Black Man's Tribute to His White Mother,James McBride,1996,Riverhead Books
1580628362,Please Stop Laughing at Me: One Woman's Inspirational Story,Jodee Blanco,2003,Adams Media Corporation
1558745432,A 5th Portion of Chicken Soup for the Soul : 101 Stories to Open the Heart and Rekindle the Spirit,Jack Canfield,1998,Health Communications
074341022X,Dark Hollow,John Connolly,2002,Pocket
034544177X,All Souls: A Family Story from Southie (Ballantine Reader's Circle),Michael Patrick MacDonald,2000,Ballantine Books
076790284X,Bella Tuscany : The Sweet Life in Italy,FRANCES MAYES,2000,Broadway
006440188X,The Secret Garden,Frances Hodgson Burnett,1998,HarperTrophy
044661095X,Killing Time,Caleb Carr,2002,Warner Books
1400031699,The Little Friend,Donna Tartt,2003,Vintage
1560761555,Vampire of the Mists (Ravenloft Books),Christie Golden,1991,Wizards of the Coast
067173590X,SECRET DIARY OF LAURA PALMER (TWIN PEAKS) (A Twin Peaks Book),Jennifer Lynch,1990,Pocket
037541326X,Ash Wednesday,ETHAN HAWKE,2002,Knopf
1573225843,The Cloister Walk,Kathleen Norris,1997,Riverhead Books
1551666103,The Mistress,Susan Wiggs,2000,Mira
1551668378,Halfway To Heaven,Susan Wiggs,2001,Mira
1853260789,MADAME BOVARY,Gustave Flaubert,1998,NTC/Contemporary Publishing Company
006000925X,Daisy's Back in Town,Rachel Gibson,2004,Avon
1551667002,Skyward,Mary Alice Monroe,2003,Mira Books
037322706X,Phantom Lover  (43 Light Street),Rebecca York,2003,Harlequin
044020271X,Tapestry,Belva Plain,1989,Dell
1551666561,Letting Go,Pamela Morsi,2003,Mira Books
1551667193,311 Pelican Court,Debbie Macomber,2003,Mira Books
044021422X,Jewels,Danielle Steel,1993,Dell
1551668777,So Wild A Heart,Candace Camp,2002,Mira
1551666758,The Perfect Lie,Dinah Mccall,2003,Mira
1551668831,Orphan,Stella Cameron,2002,Mira
1573221112,The Art of Happiness: A Handbook for Living,Dalai Lama,1998,Penguin Putnam
037322687X,Premeditated Marriage,B.J. Daniels,2002,Harlequin
055326611X,EVEN COWGIRLS GET THE BLUES,TOM ROBBINS,1984,Bantam
044651974X,Strange Highways,Dean R. Koontz,1995,Warner Books
155166898X,"Wade (Blake, Jennifer, Louisiana Gentlemen Series.)",Jennifer Blake,2002,Mira
044021596X,Heartbreaker,KAREN ROBARDS,1998,Dell
051508901X,The Gamble,LaVyrle Spencer,1994,Jove Books
038089968X,Chain Letter (Avon Camelot Books (Paperback)),Christopher Pike,1986,Avon
006017613X,"Nora, Nora: A Novel",Anne Rivers Siddons,2000,HarperCollins Publishers
1551668696,Courage Tree,Diane Chamberlain,2002,Mira
067974388X,The Tightwad Gazette: Promoting Thrift As a Viable Alternative Lifestyle,Amy Dacyczyn,1993,Random House Inc
042514898X,Hangman's Root,Susan Wittig Albert,1995,Berkley Publishing Group
1580621805,Small Miracles of Love &amp; Friendship: Remarkable Coincidences of Warmth and Devotion,Yitta Halberstam,1999,Adams Media Corporation
1551669072,Desperate Measures (Barbara Holloway Novels (Paperback)),Kate Wilhelm,2002,Mira
1551669293,204 Rosewood Lane,Debbie Macomber,2002,Mira
068816112X,Replay,Ken Grimwood,1998,Perennial
1875989218,He Died with a Felafel in His Hand,John Birmingham,2000,Duffy &amp; Snellgrove
1861976127,"Eats, Shoots and Leaves: The Zero Tolerance Approach to Punctuation",Lynne Truss,2004,Profile Books Ltd
014034019X,The BFG,Roald Dahl,1985,Puffin Books
055334949X,Even Cowgirls Get the Blues,Tom Robbins,1990,Bantam
3596150655,Generation Golf. Eine Inspektion,Florian Illies,2002,Distribooks
034543448X,Demolition Angel,Robert Crais,2001,Ballantine Books
1551668300,16 Lighthouse Road,Debbie Macomber,2001,Mira
084394952X,Dark Legend,Christine Feehan,2002,Leisure Books
2253150711,Stupeur Et Tremblements,Amelie Nothomb,2001,Distribooks
155166917X,At The Corner Of Love And Heartache,Curtiss Ann Matlock,2002,Mira
038531695X,The Ghost,Danielle Steel,1997,Dell
060961004X,Eat Cake : A Novel,JEANNE RAY,2003,Shaye Areheart Books
031224262X,The Unexpected Guest,Charles Osborne,1999,St. Martin's Press
037570731X,The Ladies' Man,ELINOR LIPMAN,2000,Vintage Books
3551551677,Harry Potter und der Stein der Weisen,Joanne K. Rowling,1999,Carlsen Verlag GmbH
038081790X,Born in Sin: A MacAllisters Novel,Kinley MacGregor,2003,Avon
1551665107,Jane Doe,R.J. Kaiser,1999,Mira
3442453305,Herr Lehmann.,Sven Regener,2003,Goldmann
067972267X,A Pale View of Hills (Vintage International),Kazuo Ishiguro,1990,Vintage Books USA
050552354X,Dark Desire (Paranormal Romance),Christine Feehan,1999,Love Spell
1580050751,Cunt: A Declaration of Independence (Live Girls Series),Inga Muscio,2002,Seal Press (WA)
1551667940,Bone Cold,Erica Spindler,2001,Mira
1578561256,Bad Girls of the Bible and What We Can Learn from Them,Liz Curtis Higgs,1999,Waterbrook Press
1551667363,The Snow Bride,Debbie Macomber,2003,Mira
3453007867,Friedhof der Kuscheltiere. Roman.,Stephen King,1988,Heyne
014200023X,A Heart of Stone,Renate Dorrestein,2002,Penguin Books
038000321X,Alive : The Story of the Andes Survivors (Avon Nonfiction),Piers Paul Read,1975,Avon
015668568X,"Old Possum's Book of Practical Cats, Illustrated Edition",T.S. Eliot,1982,Harvest Books
185326086X,Dracula (Wordsworth Classics),B. Stoker,1997,NTC/Contemporary Publishing Company
059048348X,"It Came from Beneath the Sink! (Goosebumps, No 30)",R. L. Stine,1995,Scholastic
059049449X,"The Werewolf of Fever Swamp (Goosebumps, No 14)",R. L. Stine,1995,Scholastic
1551666510,The Harbor,Carla Neggers,2003,Mira
1551665700,Whiskey Island,Emilie Richards,2000,Mira
034536743X,The 158-Pound Marriage,John Irving,1994,Ballantine Books
1551660253,Thrill Of Victory,Sandra Brown,1995,Mira
3492238696,Balzac und die kleine chinesische Schneiderin.,Dai Sijie,2003,Piper
3499226375,Mondscheintarif,Ildiko Von Kurthy,2001,Rowohlt Taschenbuch Verlag GmbH
1551668769,With A Southern Touch,Diana Palmer,2002,Mira
045120915X,Rain Fall,Barry Eisler,2003,Signet Book
1558531564,"Live and Learn and Pass It on: People Ages 5 to 95 Share What They'Ve Discovered About Life, Love, and Other Good Stuff (Live &amp; Learn &amp; Pass It on)",H. Jackson Brown,1992,Thomas Nelson
3462028189,Crazy,Benjamin Lebert,2000,"Kiepenheuer &amp; Witsch GmbH &amp; Co. KG, Verlag"
1881273156,The Five Love Languages: Five Love Languages,Gary Chapman,2005,Moody Publishers
1558745726,Chicken Soup for the Pet Lover's Soul (Chicken Soup for the Soul (Hardcover Health Communications)),Jack Canfield,1998,Health Communications
1551665336,Moon Over Water,Debbie Macomber,1999,Mira
042515999X,The Solitaire Mystery,Jostein Gaarder,1997,Berkley Publishing Group
155166738X,The Highlander,Elaine Coffman,2003,Mira Books
3423117370,Fool on the Hill. Roman.,Matt Ruff,1993,Dtv
1575668807,Maggie Needs an Alibi,Kasey Michaels,2003,Kensington Publishing Corporation
051513175X,The Descent,Jeff Long,2001,Jove Books
1401351964,Bergdorf Blondes : A Novel,Plum Sykes,2004,Miramax
1551661586,Witchcraft,Jayne Ann Krentz,1996,Mira
088396631X,"The One World, One Heart: Everyone Has the Same Basic Needs and Emotions. We Must Put Aside Our Differences and Come Together as One in Peace, U",Susan Polis Schutz,2001,Blue Mountain Arts
074340341X,A Season in the Highlands,Jude Deveraux,2000,Pocket
067973709X,Mating,Norman Rush,1992,Vintage Books USA
067172519X,RAISE THE TITANIC (Clive Cussler),Clive Cussler,1990,Pocket
3596101859,Ich wollte Hosen.,Lara Cardella,1990,"Fischer (Tb.), Frankfurt"
038071972X,Return to Howliday Inn,James Howe,1993,HarperTrophy
055380247X,Fatal Tide,IRIS JOHANSEN,2003,Bantam
044661257X,If Looks Could Kill,Kate White,2003,Warner Vision
044020447X,Final Flight,Stephen Coonts,1989,Dell
1551668866,Twilight Hunger,Maggie Shayne,2002,Mira Books
1551669099,The Stone Forest,Karen Harper,2002,Mira
084395048X,Lair of the Lion,Christine Feehan,2002,Leisure Books
1551664933,Plucking The Apple,Elizabeth Palmer,1999,Mira
1583224912,Sent by Earth: A Message from the Grandmother Spirit After the Bombing of the World Trade Center and the Pentagon,Alice Walker,2001,Seven Stories Press
039454689X,The Accidental Tourist,Anne Tyler,1985,Random House Inc
1896860982,Falling Backwards,James Eke,2002,Ekstasis Editions
1551666022,"Dakota Home (Dakota Trilogy, Book 2)",Debbie Macomber,2000,Mira
074341232X,Jinxed,Carol Higgins Clark,2003,Pocket Star
006015957X,Roseanne: My Life As a Woman,Roseanne,1989,Harpercollins
1551668726,Death Qualified (Barbara Holloway Novels (Paperback)),Kate Wilhelm,2002,Mira
1551669609,All Fall Down,Erica Spindler,2002,Mira
058351149X,Worst Fears,Fay Weldon,0,Flamingo
1853260258,The Odyssey,Homer,1998,NTC/Contemporary Publishing Company
3442760003,Liebesleben,Zeruya Shalev,2002,Distribooks
1551664275,Led Astray,Sandra Brown,1998,Mira
1551660598,Without A Trace,Nora Roberts,1996,Mira
051511605X,Undue Influence,Steven Paul Martini,1995,Jove Books
3596247500,Ein Mann fÃ?Â¼r jede Tonart. Roman. ( Die Frau in der Gesellschaft).,Hera Lind,2000,"Fischer (Tb.), Frankfurt"
044023512X,City of Light,Lauren Belfer,2000,Island
055327211X,Daughter of the Empire,RAYMOND FEIST,1988,Bantam
2290302155,Debout les morts,Fred Vargas,2000,J'ai lu
2253057843,Le Joueur d'Ã?Â©checs,Stefan Zweig,1991,LGF
074322454X,"Band of Brothers : E Company, 506th Regiment, 101st Airborne from Normandy to Hitler's Eagle's Nest",Stephen E. Ambrose,2001,Simon &amp; Schuster
039914207X,Chromosome 6,Robin Cook,1997,Putnam Publishing Group
3442433495,Der Campus.,Dietrich Schwanitz,1996,Goldmann
1551660342,Tomorrow'S Promise,Kenneth T. Brown,1994,Mira
1566400201,Dreams of Childhood: Postcard Book,Pomegranate Publishers,1992,Pomegranate Communications
089471838X,Natural California: A Postcard Book,Not Applicable (Na ),1990,Running Pr
038000741X,Monkey Wrench Gang,Edward Abbey,1976,Avon
067169863X,"Sassinak (Planet Pirates, Vol 1)",Anne McCaffrey,1990,Baen
067168972X,The Duchess,Jude Deveraux,1992,Pocket
1551667223,Flamingo Diner,Sherryl Woods,2003,Mira
067100400X,Courting Susannah,Linda Lael Miller,2000,Pocket
1551669390,Dark Water (Mira Romantic Suspense),Sharon Sala,2002,Mira
055329802X,"Champions of the Force (Star Wars: The Jedi Academy Trilogy, Vol. 3)",Kevin J. Anderson,1994,Bantam
1551664976,Cause For Alarm,Erica Spindler,1999,Mira
1551668815,Fulfillment,Barbara Delinsky,2002,Mira
1573227978,The Beach,Alex Garland,2000,Riverhead Books
1853262102,Age of Innocence (Wordsworth Classics),Edith Wharton,1997,NTC/Contemporary Publishing Company
034544325X,The Day Trader,Stephen W. Frey,2003,Ballantine Books
006008460X,Cheaper by the Dozen (Perennial Classics),Frank B. Gilbreth,2002,Perennial
067173976X,Counterfeit Lady,Jude Deveraux,1991,Pocket
039914112X,The Rapture of Canaan (Oprah's Book Club (Hardcover)),Sheri Reynolds,1996,Putnam Pub Group
1853260088,Moby Dick (Wordsworth Classics),Herman Melville,1999,NTC/Contemporary Publishing Company
1853260134,Tales of Mystery and Imagination (Classics Library (NTC)),Edgar Allan Poe,1999,NTC/Contemporary Publishing Company
044900256X,Bodyguard,SUZANNE BROCKMANN,1999,Fawcett
1853260436,Northanger Abbey (Wordsworth Collection),Jane Austen,1998,Wordsworth Editions Ltd
1551669005,Parting Gifts,Charlotte Allen,2002,Mira
354860028X,Regenroman.,Karen Duve,2001,Ullstein Buchverlage GmbH &amp; Co.KG / Ullstein Tasc
014011369X,"And the Band Played on: Politics, People, and the AIDS Epidemic",Randy Shilts,1995,Penguin Books
067178546X,Blue Gold : A Novel from the NUMA Files,Clive Cussler,2000,Pocket
038049163X,A Woman of Substance,Barbara Taylor Bradford,1980,Harper Mass Market Paperbacks
014013168X,The Buddha of Suburbia,Hanif Kureishi,1991,Penguin Books
158234082X,Kitchen Confidential : Adventures in the Culinary Underbelly,Anthony Bourdain,2000,Bloomsbury USA
1860492592,Alias Grace,Margaret Atwood,0,Virago Press Limited
006109207X,Everything to Gain,Barbara Taylor Bradford,1995,HarperTorch
1551669471,Trouble Becomes Her,Laura Van Wormer,2002,Mira
3250600555,Monsieur Ibrahim und die Blumen des Koran. ErzÃ?Â¤hlung.,Eric-Emmanuel Schmitt,2002,Ammann
068486424X,"YESTERDAY, I CRIED : Celebrating the Lessons of Living and Loving",Iyanla Vanzant,1999,Simon &amp; Schuster
1400033543,You Shall Know Our Velocity,DAVE EGGERS,2003,Vintage
3518381768,Das Geisterhaus. Roman.,Isabel Allende,1989,Suhrkamp
3442092981,Felidae. Roman.,Akif Pirincci,1989,Goldmann
038081904X,Abandon Ship!,Richard F. Newcomb,2001,HarperTorch
1551669315,The Third Wife,Jasmine Cresswell,2002,Mira
1579546463,"The South Beach Diet: The Delicious, Doctor-Designed, Foolproof Plan for Fast and Healthy Weight Loss",Arthur Agatston,2003,Rodale Books
140003339X,McSweeney's Mammoth Treasury of Thrilling Tales (Vintage Contemporaries Original),Michael Chabon,2003,Vintage Books USA
088038266X,"War of the Twins (DragonLance Legends, Vol 2)",Margaret Weis,1986,TSR
051509160X,Hummingbird,Lavyrle Spencer,1994,Jove Books
1573221856,High Maintenance,Jennifer Belle,2001,Riverhead Hardcover
067102731X,Every Dead Thing,John Connolly,2000,Pocket
067081458X,The Eyes of the Dragon,Stephen King,1987,Viking Books
1551667517,Forbidden Fruit (Mira),Erica Spindler,2003,Mira
051512947X,Once upon a Dream,Nora Roberts,2000,Jove Books
055380250X,"The Taking (Koontz, Dean)",Dean Koontz,2004,Bantam
082175758X,Vegas Heat,Fern Michaels,1997,Zebra Books
044017158X,Random Winds,Belva Plain,0,Bantam Doubleday Dell
1551666588,With Malice,Rachel Lee,2003,Mira Books
044651506X,Plum Island,Nelson DeMille,1997,Warner Books
067173783X,The Lion's Lady,Julie Garwood,1991,Pocket
042513329X,The Seventh Commandment,Lawrence Sanders,1994,Berkley Publishing Group
1551667908,Carriage House,Carla Neggers,2001,Mira
037387216X,Promise Forever,Marta Perry,2003,Steeple Hill
039914496X,Certain Prey,John Sandford,1999,Putnam Publishing Group
044100069X,Deerskin,Robin McKinley,1994,Ace Books
067173685X,REMEMBER ME (REMEMBER ME),Christopher Pike,1990,Simon Pulse
067179938X,Son of the Morning,Linda Howard,1997,Pocket
1853260398,A Tale of Two Cities (Wordsworth Classics),Charles Dickens,1997,NTC/Contemporary Publishing Company
1560252758,The Gangs of New York: An Informal History of the Underworld,Herbert Asbury,2001,Thunder's Mouth Press
185326024X,David Copperfield (Wordsworth Classics),Charles Dickens,1997,NTC/Contemporary Publishing Company
067187120X,SEE I TOLD YOU SO,"Rush H., III Limbaugh",1993,Zondervan
044100007X,Damia's Children,Anne McCaffrey,1996,ACE Charter
184195425X,Life of Pi,Yann Martel,2004,Pub Group West
067179566X,"Nightshade (Star Trek The Next Generation, No 24)",Laurell K. Hamilton,1992,Star Trek
006019443X,"The Sinister Pig (Hillerman, Tony)",Tony Hillerman,2003,HarperCollins
038056176X,Congo -Canc,Michael Crichton,1981,Avon Books
3458171703,Der Schatten des Windes.,Carlos Ruiz Zafon,2003,"Insel, Frankfurt"
1551668009,Always Dakota,Debbie Macomber,2001,Mira
155166819X,Clay,Jennifer Blake,2001,Mira
1551668939,Scandalous Miss Howard (Mira Historical Romance),Nan Ryan,2002,Mira
3426614960,Die weiÃ?Â?e Massai.,Corinne Hofmann,2000,"Droemersche Verlagsanstalt Th. Knaur Nachf., GmbH &amp; Co."
055329024X,Earth,David Brin,1991,Spectra Books
1880418568,"Wolves of the Calla (The Dark Tower, Book 5)",Stephen King,2003,Donald M. Grant/Scribner
067103992X,Wicked Forest (Debeers),V.C. Andrews,2002,Pocket
038080719X,Sugarplum Dead : A Death on Demand Mystery (Death on Demand Mysteries (Paperback)),Carolyn Hart,2001,Avon
044022442X,Lord of the Vampires: The Diaries of the Family Dracul (Diaries of the Family Darcul),Jeanne Kalogridis,1997,Dell
067155302X,Harvest,Tess Gerritsen,1997,Pocket
155166948X,Prince Joe,Suzanne Brockmann,2002,Mira
1551666537,Through My Eyes,Barbara Delinsky,2003,Mira
074324642X,Flirting with Pete : A Novel,Barbara Delinsky,2003,Scribner
1853260169,Sense and Sensibility (Wordsworth Classics),Jane Austen,1997,NTC/Contemporary Publishing Company
038076296X,Fowl Prey (Bed-And-Breakfast Mysteries (Paperback)),Mary Daheim,1999,Avon
055305340X,A Brief History of Time : From the Big Bang to Black Holes,Stephen W. Hawking,1988,Bantam
1551666669,About Adam,Stella Cameron,2003,Mira Books
1551667118,On The Edge: 3 Novels in 1,Heather Graham,2003,Mira
006017773X,The Fallen Man,Tony Hillerman,1996,HarperCollins
1551665824,Waterfall,Carla Neggers,2000,Mira
1400077354,The House of Sand and Fog (Vintage Contemporaries (Paperback)),ANDRE III DUBUS,2003,Vintage
1551669625,Shocking Pink,Erica Spindler,2002,Mira
067187750X,The Fire Rose,Mercedes Lackey,1996,Baen
039914868X,The Short Forever,Stuart Woods,2002,Putnam Adult
078686818X,Trading Up,Candace Bushnell,2003,Hyperion
3442444365,Das Haus der Schwestern.,Charlotte Link,1999,Goldmann
1551668017,Firebrand (Mira Historical Romance),Susan Wiggs,2001,Mira
3442452643,Bridget Jones. Am Rande des Wahnsinns.,Helen Fielding,2002,Goldmann
045121157X,Monkeewrench,P. J. Tracy,2004,Signet Book
1560974273,Ghost World,Daniel Clowes,2001,Fantagraphics Books
3822860867,"Millennium Art (Postcard book, 30 detachable postcards)",Taschen America,2001,Taschen
2266023039,La Nuit des temps,RenÃ?Â© Barjavel,1988,Pocket
068803036X,The Cider House Rules,John Irving,1985,Harpercollins Childrens Books
1551669552,Along Came Trouble,Sherryl Woods,2002,Mira
080411787X,Acts of Love,JUDITH MICHAEL,1997,Ivy Books
014062063X,Dracula (Penguin Popular Classics),Bram Stoker,1994,Penguin Books Ltd
3442414199,Generation X. Geschichten fÃ?Â¼r eine immer schneller werdende Kultur.,Douglas Coupland,1994,Goldmann
067153288X,A Tangled Web,Judith Michael,1995,Pocket
849550152X,El lÃ¡piz del carpintero,Manuel Rivas,2001,Punto de Lectura
1551669250,West Of Bliss,Suzann Ledbetter,2002,Mira
1551665352,Remember Me,Sharon Sala,1999,Mira
1551667126,Dead Ringer,Jasmine Cresswell,2003,Mira Books
